pid,label,object_type,physical_description,creator,_date,description,subject,size,physical_format,series_title,workshop_tags,type,format,versions,language,rights,rights_cc,rightsstatement
zine001,Grandma O'Hara's Potato Salad,Folded Zine,Paper; sharpie,Megan Palmer,2026-05-13,This one page zine shares a family recipe for potato salad with reflections on the nature of code annotations.,food; family; code,2.25x4.25,1-page zine,Pilot,Aggregation,Image;StillImage,image/png,,eng,"Freely available for non-commercial use and remixing, as long as you acknowledge the creator and make the resulting materials available under the same Creative Commons license.",CC-BY-NC-SA,https://creativecommons.org/licenses/by-nc-sa/4.0/
zine002,NOT SAFE FOR GLUTEN,Folded Zine,Paper; marker,Colleen Nugent,2026-05-13,"This one page shares recipes for cookies, bread, and playdoh (all containing gluten)",food; baking,2.25x4.25,1-page zine,Pilot,Aggregation,Image;StillImage,image/png,,eng,"Freely available for non-commercial use and remixing, as long as you acknowledge the creator and make the resulting materials available under the same Creative Commons license.",CC-BY-NC-SA,https://creativecommons.org/licenses/by-nc-sa/4.0/
zine003,Millet Miracles,Folded Zine,Paper; marker,Nirmala Mennon,2026-05-13,This one page zine explores the possibilities of cooking with millet.,food,2.25x4.25,1-page zine,Pilot,Aggregation,Image;StillImage,image/png,,eng,"Freely available for non-commercial use and remixing, as long as you acknowledge the creator and make the resulting materials available under the same Creative Commons license.",CC-BY-NC-SA,https://creativecommons.org/licenses/by-nc-sa/4.0/
zine004,The DH Cookbook,Folded Zine,Digital,Megan Palmer,2025-02-25,This one page zine shares a recipe for Irish soda bread while exploring the nature and affordances of zines.,food; meta; process,2.25x4.25,1-page zine,Super Pilot,Intro,Image;StillImage,image/png,,eng,"Freely available for non-commercial use and remixing, as long as you acknowledge the creator and make the resulting materials available under the same Creative Commons license.",CC-BY-NC-SA,https://creativecommons.org/licenses/by-nc-sa/4.0/
zine005,How amateur radio made a comeback in WNC post-Helene,Folded Zine,Paper; marker,Claire Ogden,2026-04-08,This one page zine shares a narrative of the growth of amateur radio in Western North Carolina following Hurricane Helene.,food; radio,4.25x11,Accordion zine,Pilot,Medium,Image;StillImage,compound_object,,eng,"Freely available for non-commercial use and remixing, as long as you acknowledge the creator and make the resulting materials available under the same Creative Commons license.",CC-BY-NC-SA,https://creativecommons.org/licenses/by-nc-sa/4.0/
zine006,Hunger and Joy,Stapled Zine,Paper; mixed materials,Megan Palmer; Julia Flanders; Juniper Johnson; Ash Clark,2025-02-25,"This collaborative zine responds to the prompt: Think about your: cooking/baking process, a digital process that you find familiar or provocative/teachable, or both, and create one panel that explores these ideas.",food; code; TEI; process,5.5x8.5,Booklet-zine,Super Pilot,Intro,Image;StillImage,compound_object,,eng,"Freely available for non-commercial use and remixing, as long as you acknowledge the creator and make the resulting materials available under the same Creative Commons license.",CC-BY-NC-SA,https://creativecommons.org/licenses/by-nc-sa/4.0/
zine007,Marinated Pickles,Folded Zine,Paper; pen,Julia Flanders,2026-05-13,"This zine is part of a series on pickles, functioning like a chapter",food; process,2.25x4.25,1-page zine,Pilot,,Image;StillImage,image/jpeg,,eng,"Freely available for non-commercial use and remixing, as long as you acknowledge the creator and make the resulting materials available under the same Creative Commons license.",CC-BY-NC-SA,https://creativecommons.org/licenses/by-nc-sa/4.0/
zine008,Fermented Pickles,Folded Zine,Paper; pen,Julia Flanders,2026-05-13,"This zine is part of a series on pickles, functioning like a chapter",food; process,2.25x4.25,1-page zine,Pilot,,Image;StillImage,image/jpeg,,eng,"Freely available for non-commercial use and remixing, as long as you acknowledge the creator and make the resulting materials available under the same Creative Commons license.",CC-BY-NC-SA,https://creativecommons.org/licenses/by-nc-sa/4.0/
zine009,Pickle Recipes,Folded Zine,Paper; pen,Julia Flanders,2026-05-13,"This zine is part of a series on pickles, functioning like a chapter",food; process,2.25x4.25,1-page zine,Pilot,,Image;StillImage,image/jpeg,,eng,"Freely available for non-commercial use and remixing, as long as you acknowledge the creator and make the resulting materials available under the same Creative Commons license.",CC-BY-NC-SA,https://creativecommons.org/licenses/by-nc-sa/4.0/
zine010,Pickles Overview,Folded Zine,Paper; pen,Julia Flanders,2026-05-13,This zine is the first in the pickle zine series and functions as an introduction and table of contents,food; process,2.25x4.25,1-page zine,Pilot,,Image;StillImage,image/jpeg,,eng,"Freely available for non-commercial use and remixing, as long as you acknowledge the creator and make the resulting materials available under the same Creative Commons license.",CC-BY-NC-SA,https://creativecommons.org/licenses/by-nc-sa/4.0/
zine011,Tall Yellow Bound Zine,Thread Bound Zine,Paper; mixed materials,Colleen Nugent,2026-05-13,This artifact binds together four small zines into one bound object. Small zine are bound in rows of two.,binding; experimentation,,Bound multi-zine,Pilot,,Image;StillImage,compound_object,,eng,"Freely available for non-commercial use and remixing, as long as you acknowledge the creator and make the resulting materials available under the same Creative Commons license.",CC-BY-NC-SA,https://creativecommons.org/licenses/by-nc-sa/4.0/
zine012,Circular Bound Zine,Thread Bound Zine,Paper; mixed materials,Julia Flanders,2026-04-08,This artifact binds together several one-page zines into a circular formation that can be read from any starting point.,food; binding; experimentation,2.25x4.25,Bound multi-zine,Pilot,,Image;StillImage,compound_object,,eng,"Freely available for non-commercial use and remixing, as long as you acknowledge the creator and make the resulting materials available under the same Creative Commons license.",CC-BY-NC-SA,https://creativecommons.org/licenses/by-nc-sa/4.0/
zine013,DH Cookbook Bound Zine,Thread Bound Zine,Paper; mixed materials,Colleen Nugent,2026-04-08,,food,2.25x4.25,Bound multi-zine,Pilot,,Image;StillImage,compound_object,,eng,"Freely available for non-commercial use and remixing, as long as you acknowledge the creator and make the resulting materials available under the same Creative Commons license.",CC-BY-NC-SA,https://creativecommons.org/licenses/by-nc-sa/4.0/
zine014,Consider the Crane,Folded Zine,Paper; pencil,Joel Lee,2026-03-11,,prototyping,2.25x4.25,1-page zine,Pilot,,Image;StillImage,image/jpeg,,eng,"Freely available for non-commercial use and remixing, as long as you acknowledge the creator and make the resulting materials available under the same Creative Commons license.",CC-BY-NC-SA,https://creativecommons.org/licenses/by-nc-sa/4.0/